id,title,platform,level,benefits,description,link
1,Python for Data Science,Coursera,Beginner,"Data Analysis, Automation","Learn Python basics specifically for data processing.","https://www.coursera.org"
2,Advanced SQL Queries,Udemy,Intermediate,"Database Design, Complex Joins","Deep dive into SQL for heavy data management.","https://www.udemy.com"
3,Full Stack Web Development,edX,Professional,"Build Portfolios, Frontend & Backend","Master HTML, CSS, JavaScript, and Node.js.","https://www.edx.org"
4,Machine Learning A-Z,Udemy,Intermediate,"AI Modeling, Predictive Analytics","Learn to build ML algorithms from scratch.","https://www.udemy.com"
5,Cloud Architecture (AWS),LinkedIn Learning,Expert,"Cloud Infrastructure, Security","Master Amazon Web Services for global apps.","https://www.linkedin.com/learning"
6,UX/UI Design Essentials,Skillshare,Beginner,"User Research, Figma Prototyping","Design beautiful and functional mobile apps.","https://www.skillshare.com"
7,Cyber Security Bootcamp,Coursera,Professional,"Network Security, Ethical Hacking","Protect systems from digital threats.","https://www.coursera.org"
8,Product Management 101,Udemy,Beginner,"Product Lifecycle, Roadmap Strategy","Learn how to lead technical teams.","https://www.udemy.com"
9,Data Visualization with Tableau,edX,Intermediate,"Storytelling with Data, Dashboards","Convert raw data into visual insights.","https://www.edx.org"
10,DevOps Engineering,Google Cloud,Expert,"Automation, CI/CD Pipelines","The bridge between development and operations.","https://cloud.google.com/training"
11,Mobile App Dev (Flutter),Udemy,Intermediate,"Cross-platform apps, Dart","Build apps for iOS and Android with one code.","https://www.udemy.com"
12,Digital Marketing Masterclass,Coursera,Beginner,"SEO, Social Media Ads","Grow brands using modern digital tools.","https://www.coursera.org"
13,Financial Analyst Training,LinkedIn Learning,Intermediate,"Excel Modeling, Valuation","Become an expert in corporate finance.","https://www.linkedin.com"
14,Graphic Design Specialization,Skillshare,Beginner,"Photoshop, Illustrator","Master the visual arts for branding.","https://www.skillshare.com"
15,Blockchain Basics,edX,Professional,"Crypto, Smart Contracts","Understand the tech behind decentralized finance.","https://www.edx.org"
16,Artificial Intelligence,Stanford,Expert,"Neural Networks, Deep Learning","Explore the cutting edge of AI research.","https://online.stanford.edu"
17,HR Management,Coursera,Intermediate,"Recruitment, Employee Relations","Manage teams and company culture effectively.","https://www.coursera.org"
18,Project Management (PMP),Udemy,Professional,"Agile, Scrum, Planning","Get certified as a high-level project lead.","https://www.udemy.com"
19,Big Data Analytics,Google Cloud,Expert,"Hadoop, Spark, Data Lakes","Process massive datasets at scale.","https://cloud.google.com"
20,Sales Force Automation,LinkedIn Learning,Intermediate,"CRM, Pipeline Management","Optimize sales processes with Salesforce.","https://www.linkedin.com"
21,React.js Masterclass,Udemy,Intermediate,"Modern UI, Hooks","Build lightning-fast web interfaces.","https://www.udemy.com"
22,Node.js Backend Dev,edX,Professional,"Servers, API Design","Scale your web applications with JavaScript.","https://www.edx.org"
23,AutoCAD for Engineers,LinkedIn Learning,Beginner,"2D Drafting, 3D Modeling","The standard tool for architectural design.","https://www.linkedin.com"
24,Tableau Visualization,Coursera,Intermediate,"Dashboards, Storytelling","Make data easy to understand for everyone.","https://www.coursera.org"
25,Java Programming,Udemy,Beginner,"OOP, Android Foundations","Learn the core language of enterprise apps.","https://www.udemy.com"
26,C++ Game Development,edX,Expert,"Unreal Engine, Physics","Create high-performance video games.","https://www.edx.org"
27,SEO Strategy,Skillshare,Intermediate,"Google Ranking, Keywords","Get your website to the top of search results.","https://www.skillshare.com"
28,Content Marketing,Coursera,Beginner,"Writing, Strategy","Tell stories that convert customers.","https://www.coursera.org"
29,Business Analytics,LinkedIn Learning,Professional,"Data Decisions, PowerBI","Use data to drive company growth.","https://www.linkedin.com"
30,Ethical Hacking,Udemy,Expert,"Penetration Testing, Security","Learn to hack systems to protect them.","https://www.udemy.com"
31,Supply Chain Management,edX,Intermediate,"Logistics, Inventory","Manage the flow of goods globally.","https://www.edx.org"
32,Photography Essentials,Skillshare,Beginner,"Lighting, Composition","Take professional-level photos.","https://www.skillshare.com"
33,Video Editing (Premiere),LinkedIn Learning,Intermediate,"Color Grading, Audio","Edit videos for YouTube and Film.","https://www.linkedin.com"
34,AWS Solutions Architect,Coursera,Expert,"Cloud Design, Scalability","Architect systems on the Amazon cloud.","https://www.coursera.org"
35,Google Analytics 4,Udemy,Intermediate,"Tracking, User Data","Understand how people use your website.","https://www.udemy.com"
36,Psychology for UX,edX,Beginner,"Human Behavior, Design","Design products people love to use.","https://www.edx.org"
37,Entrepreneurship,Harvard,Professional,"Startups, Funding","Launch your own successful business.","https://online-learning.harvard.edu"
38,Kubernetes Masterclass,Google Cloud,Expert,"Containerization, Scaling","Automate deployment of cloud apps.","https://cloud.google.com"
39,Public Speaking,LinkedIn Learning,Beginner,"Confidence, Presentation","Speak effectively in front of any crowd.","https://www.linkedin.com"
40,Copywriting for Web,Skillshare,Intermediate,"Sales Copy, Headlines","Write words that make people click.","https://www.skillshare.com"
41,Excel for Business,Udemy,Beginner,"Pivot Tables, VLOOKUP","Master the world's most used tool.","https://www.udemy.com"
42,Power BI Dashboards,Coursera,Intermediate,"Reporting, DAX","Build interactive business reports.","https://www.coursera.org"
43,Swift for iOS,edX,Professional,"iPhone Apps, SwiftUI","Build native apps for the Apple ecosystem.","https://www.edx.org"
44,Go Programming (Golang),Udemy,Intermediate,"Concurrency, Backend","High-performance systems programming.","https://www.udemy.com"
45,Docker Essentials,LinkedIn Learning,Professional,"Images, Containers","Package your apps to run anywhere.","https://www.linkedin.com"
46,Social Media Strategy,Skillshare,Beginner,"Instagram, TikTok Growth","Build a massive following online.","https://www.skillshare.com"
47,Data Engineering,Google Cloud,Expert,"ETL, BigQuery","Build the pipelines that power AI.","https://cloud.google.com"
48,Creative Writing,Coursera,Beginner,"Fiction, Storytelling","Master the art of the written word.","https://www.coursera.org"
49,Leadership Skills,LinkedIn Learning,Intermediate,"Management, Empathy","Lead your team to success.","https://www.linkedin.com"
50,Product Design (Figma),Udemy,Beginner,"Prototyping, Assets","The #1 tool for modern interface design.","https://www.udemy.com"